CREATE TABLE AEROPORTO (
    CITTA TEXT (10)NOT NULL,
    Nazione TEXT(2) NOT NULL,
    NumPiste  VARCHAR(255) DEFAULT NULL
);

    INSERT INTO AEROPORTO VALUES ('Londra','UK','12');
    INSERT INTO AEROPORTO VALUES  ('Palermo','IT','2');
    INSERT INTO AEROPORTO VALUES ('Bari','IT','1');
    INSERT INTO AEROPORTO VALUES ('Bologna','IT','5');
    INSERT INTO AEROPORTO VALUES ('Torino','IT','5');
    INSERT INTO AEROPORTO VALUES ('Barcellona','ES','9');
    INSERT INTO AEROPORTO VALUES  ('Napoli','IT','4');
    INSERT INTO AEROPORTO VALUES  ('Roma','IT','5');
    INSERT INTO AEROPORTO VALUES  ('Parigi','FR','10');
    INSERT INTO AEROPORTO VALUES  ('Catania','IT','');



# DROP TABLE AEROPORTO;



CREATE TABLE VOLO (
    IDVolo VARCHAR(255) ,
    GiornoSett TEXT(20),
    CittaPart TEXT(10) NOT NULL,
    OraPart VARCHAR(255)NOT NULL,
    CittaArr TEXT (10) NOT NULL,
    OraArr VARCHAR(255),
    TipoAereo TEXT (10) NOT NULL
    );


    INSERT INTO VOLO VALUES ('AZ274','Lunedi','Torino','08:35:00','Bologna','10:05:00','BOING727');
    INSERT INTO VOLO VALUES ('AZ546','Martedi','Palermo','10:35:00','Roma','11:35:00','BOING727');
    INSERT INTO VOLO VALUES ('AZ678','Martedi','Parigi','010:00:00','Bologna','12:45:00','BOING737');
    INSERT INTO VOLO VALUES ('AZ534','Domenica','Catania','22:00:00','Torino','00:45:00','BOING737');
    INSERT INTO VOLO VALUES ('AZ537','Sabato','Barcellona','08:35:00','Bologna','10:05:00','BOING727');
    INSERT INTO VOLO VALUES ('AZ765','Venerdi','Bari','11:00:00','Palermo','12:05:00','BOING727');
    INSERT INTO VOLO VALUES ('AZ876','Lunedi','Bologna','09:30:00','Torino','10:35:00','BOING727');
    INSERT INTO VOLO VALUES ('AZ456','Mercoledi','Roma','08:35:00','Bologna','10:05:00','BOING727');
    INSERT INTO VOLO VALUES ('AZ876','Lunedi','Napoli','08:35:00','Bologna','10:05:00','BOING727');
    INSERT INTO VOLO VALUES ('AZ987','Lunedi','Londra','10:00:00','Palermo','12:45:00','BOING7377');

 #DROP TABLE VOLO;

CREATE TABLE AEREO (
    TipoAereo TEXT (10) NOT NULL,
    NumPax iNTEGER NOT NULL,
    QtaMerci INTEGER NOT NULL
);


    INSERT INTO AEREO VALUES ('BOING727','251','18340');
    INSERT INTO AEREO VALUES ('BOING727','251','18340');
    INSERT INTO AEREO VALUES ('BOING727','251','18340');
    INSERT INTO AEREO VALUES ('BOING727','251','18340');
    INSERT INTO AEREO VALUES ('BOING7237','301','28340');
    INSERT INTO AEREO VALUES ('BOING737','301','28340');
    INSERT INTO AEREO VALUES ('BOING737','301','28340');
    INSERT INTO AEREO VALUES ('BOING737','301','28340');
    INSERT INTO AEREO VALUES ('BOING737','301','28340');
    INSERT INTO AEREO VALUES ('BOING737','301','28340');


    SELECT *FROM AEROPORTO WHERE NumPiste = '';
    SELECT DISTINCT TipoAereo FROM VOLO WHERE CittaPart='Torino';
    SELECT DISTINCT CittaPart FROM VOLO WHERE CittaArr='Bologna';
    SELECT DISTINCT CittaPart,CittaArr FROM VOLO WHERE IDVolo='AZ274'
